mutation,frequency
C2790T,0.9979101358411704
G4184A,1.0
C4321T,0.9833795013850416
C7162T,0.9347037484885128
G7473-,0.0342960288808664
C9344T,1.0
A9424G,1.0
C9534T,0.9993853718500308
C9866T,0.98582995951417
C10029T,0.9936020473448496
C10198T,0.9968354430379748
G10447A,0.9953703703703703
C10449A,0.9968919968919968
T11288-,0.9994186046511628
C11289-,0.7399913904433921
T11290-,0.7404218682737839
G11291-,0.7405335628227194
G11291A,0.2594664371772806
G11292-,0.7252423093131057
T11293-,0.7246315789473684
T11294-,0.7205203524968528
T11295-,0.7202181208053692
T11296-,0.7211255774884502
T11296G,0.2784544309113818
G12071A,0.9948275862068966
C12880T,0.9973753280839897
C14408T,1.0
C15157A,0.0429958391123439
C15714T,0.99721059972106
T17323G,0.8108268887566924
C17410T,0.9943841257955822
A18163G,1.0
C21618T,0.995274102079395
T21633-,0.9956268221574344
A21634-,0.9956268221574344
C21635-,0.9970845481049564
C21636-,0.9970845481049564
C21637-,0.9970845481049564
C21638-,0.9970845481049564
C21639-,0.9970845481049564
T21640-,0.997080291970803
G21641-,0.9956268221574344
G21987A,0.9948497854077252
T22200G,0.997584541062802
G22578A,1.0
C22674T,0.9974160206718348
T22679C,0.9972375690607734
C22686T,0.9939577039274924
A22688G,0.996969696969697
T22882G,1.0
G22992A,1.0
C22995A,0.9971098265895952
A23013C,1.0
A23040G,0.9929478138222848
A23055G,1.0
A23063T,1.0
T23075C,0.9988249118683902
A23403G,0.9981818181818182
C23525T,0.9990774907749076
G23948T,0.9640883977900552
A24424T,1.0
T24469A,0.9948024948024948
C25000T,0.998531571218796
C25584T,0.9978070175438596
C26042T,0.9911045218680504
C26060T,0.992757660167131
C26270T,0.9980237154150198
C26577G,1.0
C26858T,0.994328922495274
A27259C,1.0
G27382C,0.9972222222222222
A27383T,0.9951287404314544
T27384C,0.9972183588317108
C27807T,0.998636208660075
A28271T,0.9966510381781648
C28311T,1.0
G28362-,0.3788187372708758
A28363-,1.0
G28364-,1.0
A28365-,1.0
A28366-,1.0
C28367-,1.0
G28368-,1.0
C28369-,1.0
A28370-,0.9984962406015038
G28371-,0.4103641456582633
A29510C,0.9887640449438202
