mutation,frequency
C241T,1.0
A2832G,0.9825242718446602
C2973T,0.9979633401221996
G2995A,0.9981447124304268
T5386G,0.9991364421416234
G8393A,0.9820971867007672
C10029T,0.9977324263038548
C10449A,0.9992831541218636
G10465A,1.0
G11283-,0.2714640198511166
T11284-,0.2737262737262737
T11285-,0.2874806800618238
T11286-,0.2897196261682243
G11287-,1.0
T11288-,1.0
C11289-,0.7267441860465116
T11290-,0.7261410788381742
G11291-,0.7258399004562422
G11291A,0.2741600995437577
G11292-,0.4908200734394125
T11293-,0.4841720779220779
T11294-,0.4831915755366545
T11295-,0.478770723817226
A11537G,0.9889434889434888
T13195C,1.0
C14408T,1.0
C15157A,0.0410310362966859
C15173A,0.0304487179487179
C15240T,0.9988590986879636
C15714T,0.04001554001554
T17323G,0.5038167938931297
A18163G,0.9931972789115646
C18695T,0.0778289810547875
G20521A,0.9769503546099292
C21762T,0.9947722180731888
T21765-,0.4392244593586875
A21766-,0.9939862542955328
C21767-,0.9939862542955328
A21768-,0.9939862542955328
T21769-,0.9939862542955328
G21770-,0.993127147766323
T21771-,0.454763811048839
C21846T,0.9959636730575177
G21987-,1.0
T21988-,1.0
G21989-,1.0
T21990-,1.0
T21991-,1.0
T21992-,1.0
A21993-,1.0
T21994-,1.0
T21995-,1.0
A22194-,1.0
T22195-,1.0
T22196-,1.0
-22204G,0.6371527777777778
-22204A,0.6423611111111112
-22204G,0.6440972222222222
-22204C,0.640625
-22204C,0.6388888888888888
-22204A,0.6440972222222222
-22204G,0.6388888888888888
-22204A,0.6336805555555556
-22204A,0.6388888888888888
G22578A,1.0
T22673C,0.9991902834008096
C22674T,0.998372660699756
T22679C,1.0
C22686T,1.0
T22882G,0.9809523809523808
G22992A,1.0
C22995A,1.0
A23013C,1.0
A23040G,0.9986130374479888
G23048A,1.0
A23055G,1.0
A23063T,1.0
T23075C,1.0
C23202A,0.9988452655889144
A23403G,0.9759519038076152
C23525T,1.0
G23948T,1.0
C24130A,0.998
A24424T,1.0
T24469A,1.0
C24503T,0.99830220713073
C25000T,0.9972451790633609
C25584T,1.0
C26270T,0.9954128440366972
A26530G,0.996422182468694
C26577G,1.0
A27259C,1.0
C27807T,1.0
A28271T,0.9994824016563147
C28311T,0.9995460735360872
G28362-,0.3881355932203389
A28363-,0.9987878787878788
G28364-,0.9987878787878788
A28365-,1.0
A28366-,1.0
C28367-,1.0
G28368-,1.0
C28369-,1.0
A28370-,1.0
G28371-,0.3967567567567567
C29632T,0.9838403041825096
