mutation,frequency
C241T,1.0
C593T,0.1576952236542835
T670G,0.9969604863221884
C2790T,0.99953095684803
T3049C,0.0503412969283276
A3504G,0.9983065198983913
G4184A,1.0
C4321T,0.9925925925925926
C7851T,0.3787545787545787
C9344T,1.0
A9424G,1.0
C9534T,0.9988505747126436
C9866T,0.9976905311778292
C10029T,0.9979310344827588
C10198T,0.99836867862969
G10447A,1.0
C10449A,1.0
T11288-,0.9989696032972696
C11289-,0.7578125
T11290-,0.758701603441533
G11291-,0.7581086361860102
G11291A,0.2418913638139898
G11292-,0.7462456680785522
T11293-,0.7471087124132614
T11294-,0.7453846153846154
T11295-,0.7448116833205227
T11296-,0.745
T11296G,0.2530769230769231
C11750T,0.4271844660194174
C12789T,0.0611729019211324
C12880T,1.0
C14408T,0.99875
C15157A,0.0502978160158835
G15705T,0.0191854594412655
C15714T,0.997581202487906
C17410T,0.9983673469387756
A18163G,1.0
C18828T,0.0329571106094808
C19955T,0.9988974641675854
A20055G,1.0
C21618T,0.9982471516213848
T21633-,0.9983193277310924
A21634-,0.9983193277310924
C21635-,1.0
C21636-,0.9983193277310924
C21637-,0.9983193277310924
C21638-,0.9983193277310924
C21639-,0.9983193277310924
T21640-,0.9983193277310924
G21641-,0.9983193277310924
G21987A,0.99925205684368
T22200G,1.0
G22578A,1.0
C22674T,0.9949443882709808
T22679C,1.0
C22686T,0.9988399071925754
A22688G,1.0
G22813T,1.0
T22882G,1.0
G22992A,0.9982486865148862
C22995A,1.0
A23013C,1.0
A23040G,0.9701863354037268
A23055G,0.9993718592964824
A23063T,0.9993438320209974
T23075C,1.0
A23403G,0.9994711792702274
C23525T,0.998960498960499
T23599G,0.9990448901623686
C23604A,1.0
C23854A,1.0
G23948T,0.9965397923875432
A24424T,1.0
T24469A,0.999250936329588
C25000T,0.998019801980198
C25584T,0.9978708303761532
C26060T,0.9990583804143126
C26079T,0.0689273866568374
C26270T,0.9993569131832798
C26408T,0.1731909845788849
C26577G,1.0
C26858T,0.99934036939314
A27259C,1.0
G27382C,1.0
A27383T,1.0
T27384C,1.0
C27807T,0.9995421245421244
A28271T,1.0
C28311T,0.9989572471324296
G28362-,0.4758789860997547
A28363-,1.0
G28364-,1.0
A28365-,1.0
A28366-,1.0
C28367-,1.0
G28368-,1.0
C28369-,1.0
A28370-,1.0
G28371-,0.3699530516431925
A29510C,1.0
