mutation,frequency
C241T,0.9975704567541304
G510-,0.0402611534276387
T511-,0.0427257977285018
C512-,0.0438888888888888
A513-,0.0439621591541458
T514-,0.0428571428571428
G515-,0.047052460789616
T516-,0.0527747551686615
T517-,0.0541279387643521
A518-,0.064804469273743
T519-,0.0444184687317358
G520-,0.044055522027761
G521-,0.0337009803921568
T522-,0.0329601990049751
T670G,1.0
C2790T,0.9988603988603988
A3504G,1.0
G4184A,1.0
C4321T,0.9861111111111112
C9344T,0.9984973703981967
A9424G,0.9993188010899182
C9534T,1.0
C9866T,0.9940191387559808
C10029T,0.9980582524271844
C10198T,0.9994853319608852
G10447A,0.996781979082864
C10449A,1.0
T11288-,1.0
C11289-,0.7501146263182027
T11290-,0.7508031206975677
G11291-,0.7504587155963303
G11291A,0.2495412844036697
G11292-,0.7386004514672686
T11293-,0.7382671480144405
T11294-,0.7372690401081569
T11295-,0.7376014427412083
T11296-,0.7371505861136158
T11296G,0.2623985572587917
C12439T,0.0246412975670617
C12880T,1.0
C14408T,1.0
C15157A,0.0408284023668639
C15173A,0.0301100173711638
C15714T,0.9978078187796858
-15965T,0.0198213288665549
-15969T,0.0294497545853784
C17410T,0.997564935064935
A18163G,1.0
C19955T,0.9979529170931424
A20055G,1.0
C21618T,0.9982253771073648
T21633-,0.9970717423133236
A21634-,0.9970717423133236
C21635-,0.9970717423133236
C21636-,0.9970717423133236
C21637-,0.9956076134699854
C21638-,0.997067448680352
C21639-,0.997067448680352
T21640-,0.995601173020528
G21641-,0.9956076134699854
G21987A,1.0
T22200G,1.0
G22578A,0.998193315266486
C22674T,0.9990291262135922
T22679C,1.0
C22686T,0.9921700223713646
A22688G,0.994413407821229
G22813T,1.0
T22882G,1.0
G22992A,0.9991126885536824
C22995A,0.998280309544282
A23013C,1.0
A23040G,0.9789687924016284
A23055G,0.9979381443298968
A23063T,1.0
T23075C,0.9970304380103936
C23277T,0.0381844380403458
A23403G,0.99801093983093
C23525T,1.0
T23599G,1.0
C23604A,1.0
C23854A,0.9986206896551724
G23948T,1.0
A24424T,1.0
T24469A,0.9961538461538462
C25000T,1.0
C25584T,0.9978339350180504
C26060T,1.0
C26270T,0.9987220447284344
C26577G,0.99800796812749
C26858T,1.0
A27259C,1.0
G27382C,0.9977678571428572
A27383T,0.9988864142538976
T27384C,0.9988851727982164
C27807T,1.0
A28271T,1.0
C28311T,0.9981105337742088
G28362-,0.4347501864280387
A28363-,0.9990439770554492
G28364-,0.9990448901623686
A28365-,1.0
A28366-,1.0
C28367-,1.0
G28368-,1.0
C28369-,1.0
A28370-,1.0
G28371-,0.4128113879003559
