mutation,frequency
C241T,1.0
T670G,1.0
C2790T,0.9978768577494692
G4184A,0.9985119047619048
C4321T,1.0
G5518A,0.0313553607552258
C7162T,0.9993939393939394
C9344T,0.9986702127659576
A9424G,1.0
C9534T,1.0
C9866T,1.0
C10029T,0.9990467111534796
C10198T,1.0
G10447A,1.0
C10449A,1.0
C11095T,0.9942196531791908
T11288-,1.0
C11289-,0.7359223300970874
T11290-,0.7352085354025218
G11291-,0.7355652595827268
G11291A,0.2644347404172731
G11292-,0.7253588516746412
T11293-,0.7246653919694073
T11294-,0.7225929456625357
T11295-,0.7225929456625357
T11296-,0.7219047619047619
T11296G,0.2780952380952381
C11750T,1.0
G12071A,0.9991889699918896
C12880T,0.9966777408637874
C14408T,1.0
C15157A,0.0435850214855739
C15173A,0.0331664580725907
C15714T,0.9990867579908675
-15969T,0.0195930670685757
C17410T,0.9991304347826088
G18028T,1.0
A18163G,1.0
G19525T,1.0
C19955T,1.0
A20055G,1.0
C21618T,1.0
T21633-,0.9984779299847792
A21634-,1.0
C21635-,1.0
C21636-,1.0
C21637-,1.0
C21638-,1.0
C21639-,1.0
T21640-,1.0
G21641-,1.0
G21987A,1.0
T22200G,0.9987080103359172
G22578A,1.0
C22674T,0.9905882352941175
T22679C,1.0
C22686T,0.9973753280839897
A22688G,1.0
G22813T,0.997907949790795
T22882G,1.0
G22992A,0.9991142604074402
C22995A,1.0
A23013C,0.9992266047950504
A23040G,0.9724919093851132
A23055G,0.9982440737489026
A23063T,1.0
T23075C,1.0
A23403G,0.9993569131832798
C23525T,1.0
T23599G,1.0
C23604A,0.9914529914529916
C23854A,1.0
G23948T,1.0
A24424T,1.0
T24469A,0.9991212653778558
C25000T,1.0
C25584T,0.9987212276214834
C26042T,0.9930209371884346
C26060T,1.0
C26270T,0.9962790697674418
C26577G,1.0
C26858T,1.0
A27259C,1.0
G27382C,1.0
A27383T,0.9992737835875092
T27384C,1.0
C27807T,1.0
A28271T,0.999353169469599
C28311T,1.0
G28314A,0.9982238010657194
G28362-,0.3555787278415016
A28363-,1.0
G28364-,1.0
A28365-,1.0
A28366-,1.0
C28367-,1.0
G28368-,1.0
C28369-,1.0
A28370-,1.0
G28371-,0.4218289085545723
A29510C,0.9934640522875816
