mutation,frequency
C241T,1.0
G510-,0.9982300884955752
T511-,1.0
C512-,1.0
A513-,1.0
T514-,1.0
G515-,1.0
T516-,1.0
T517-,1.0
A518-,1.0
T670G,1.0
A2127C,0.050375939849624
G2129A,0.05051272312951
C2790T,0.9978339350180504
G4184A,0.99867637326274
C4321T,0.9912536443148688
C9344T,0.9990817263544536
A9424G,0.999205718824464
C9534T,1.0
C9866T,0.9978813559322034
C10029T,0.9980132450331126
C10198T,0.9993377483443708
G10447A,1.0
C10449A,1.0
T11288-,0.9994419642857144
C11289-,0.7744165946413137
T11290-,0.7744165946413137
G11291-,0.7744165946413137
G11291A,0.2255834053586862
G11292-,0.7557992408266554
T11293-,0.7553774778574441
T11294-,0.752204955900882
T11295-,0.751573646663869
T11296-,0.751573646663869
T11296G,0.2480067142257658
C12880T,1.0
C14408T,1.0
C15157A,0.0419874037788663
C15714T,0.99893219434063
-15969T,0.0180528691166989
C16362T,1.0
C16580T,0.9994314951677088
C17410T,0.9978494623655914
A18163G,0.999176276771005
C19955T,1.0
A20055G,0.9965576592082616
C21618T,1.0
T21633-,1.0
A21634-,1.0
C21635-,1.0
C21636-,1.0
C21637-,1.0
C21638-,1.0
C21639-,1.0
T21640-,1.0
G21641-,1.0
G21987A,0.999003984063745
T22200G,0.9989339019189766
G22578A,0.9982788296041308
C22674T,0.9809725158562368
T22679C,1.0
C22686T,0.9976958525345622
A22688G,0.9977116704805492
G22775A,1.0
A22786C,0.9842931937172776
G22813T,1.0
T22882G,1.0
G22992A,0.9986568166554736
C22995A,0.9993429697766096
A23013C,0.9994145199063232
A23040G,0.97
A23055G,0.9973063973063973
A23063T,1.0
T23075C,0.9991769547325104
A23403G,0.9969488939740656
C23525T,1.0
T23599G,0.9977246871444824
C23604A,1.0
C23609T,0.9990530303030304
C23854A,1.0
G23948T,1.0
A24424T,0.9976580796252928
T24469A,0.997384481255449
C25000T,1.0
C25584T,1.0
C26060T,0.998741346758968
C26270T,0.99672131147541
C26577G,0.9984984984984984
C26858T,0.9972924187725632
A27259C,0.9986675549633578
G27382C,0.9994145199063232
A27383T,1.0
T27384C,1.0
G27708A,0.2079303675048356
C27782G,0.997229916897507
C27807T,1.0
A28271T,1.0
C28311T,0.998888271261812
G28362-,0.4268953068592058
A28363-,0.9987760097919216
G28364-,0.9975550122249388
A28365-,0.9987775061124694
A28366-,0.9987775061124694
C28367-,0.9987775061124694
G28368-,0.9987775061124694
C28369-,0.9987775061124694
A28370-,1.0
G28371-,0.3860830527497194
A29510C,1.0
